[
  {
    "name": "df",
    "email": "dfS@fgdfg",
    "contactNo": "24df",
    "location": "wdcdscsd",
    "message": "rweefefef",
    "date": "2025-12-31T15:52:41.185Z"
  },
  {
    "name": "dfxf",
    "email": "sdsd@dfgfdg",
    "contactNo": "32",
    "location": "dfsd",
    "message": "dvdfvfg",
    "date": "2025-12-31T15:52:58.035Z"
  },
  {
    "name": "Rayyan Rizwan",
    "email": "elsa@gmail.com",
    "contactNo": "0234567",
    "location": "NN A 456",
    "message": "Hifekjfmdlsjfmsdf\ndgnskjgmn",
    "date": "2025-12-31T16:01:23.964Z"
  },
  {
    "name": "hashir",
    "email": "h@fgrf",
    "contactNo": "357652",
    "location": "block i",
    "message": "eetrtyt45rghg",
    "date": "2025-12-31T16:05:39.886Z"
  }
]